"resolution_id","resolution"
1,"07 - Canceled. Work already completed upon arrival."
2,"03 - Canceled. Property owner refused service."
3,"09 - Tree Portal entry completed."
4,"03 - Canceled. Property owner refused serviced."
5,"11 - Canceled. Obstruction of work site."
6,"06 - Canceled. Issue referred or requires further investigation."
7,"00 - Work completed by in-house or contractor."
8,"07 - Canceled. Work already completed."
9,"05 - Canceled. Duplicate work order."
10,"08 - Canceled. Work not approved by manager."
11,"00 - Work completed."
12,"02 - Canceled. Obstruction of work site."
13,"01 - Planting completed or has been approved."
14,"12 - Canceled. Property owner refused serviced."
15,"01 - Planting completed."
16,"10 - Escalated Work Order"
17,"04 - Canceled. Re-created as a Service Request."
