"project_id","project"
1,Kingwood - Dangerous Tree Removal - Phase 3
2,FY24 - Westco Grounds
3,Derecho Storm - 5/16/24
4,Hazard Tree Removal Program
5,Tranquility Park
6,Kingwood - Dangerous Tree Removal - Phase 2
7,Proactive Tree Maintenance
8,Hurricane Beryl - 7/8/24
9,Kingwood - Kudzu Vine Removal
10,FY23 - Tree Maintenance
11,Kingwood - Dangerous Tree Removal - Phase 1
12,FY22 - Tree Maintenance
13,FY20 - Tree Maintenance
14,Hurricane Beryl - 7/8/24 - Kingwood
15,FY24 - Prime Trees
16,FY19 - Tree Maintenance
17,District H - Dangerous Tree Removal
18,FY21 - Tree Maintenance 
19,FY26 - GSD Transfer
20,FY25 - Prime Trees
21,FY26 - Prime Trees
