"map_page_id","map_page"
1,"577S"
2,"455D"
3,"450J"
4,"569D"
5,"534D"
6,"449M"
7,"572D"
8,"533F"
9,"491F"
10,"531N      "
11,"534X"
12,"494Z"
13,"375E"
14,"451P"
15,"578Z"
16,"488N"
17,"572E"
18,"493F"
19,"452G"
20,"332E"
21,"528J"
22,"494U"
23,"412N"
24,"296W"
25,"569H"
26,"450X"
27,"570Y"
28,"534M"
29,"414M"
30,"574B"
31,"617D"
32,"575X"
33,"491K"
34,"451H"
35,"297Q"
36,"578U"
37,"569B"
38,"493E      "
39,"455C"
40,"375W"
41,"618C"
42,"451R"
43,"492R"
44,"617H"
45,"531W"
46,"372R"
47,"415T"
48,"494T      "
49,"570Z"
50,"493V"
51,"450W"
52,"576X"
53,"335D"
54,"451U"
55,"574C"
56,"573Q"
57,"494P"
58,"452Q"
59,"574T"
60,"577J"
61,"533C"
62,"532S      "
63,"495W"
64,"531E"
65,"493X"
66,"532E"
67,"533Y"
68,"488U"
69,"299W"
70,"488E"
71,"532M"
72,"534T"
73,"573A"
74,"493K"
75,"574H"
76,"489K"
77,"451E"
78,"490K"
79,"297N"
80,"490Z"
81,"533W"
82,"496B"
83,"297P"
84,"452F      "
85,"488X"
86,"334X      "
87,"610B"
88,"450U"
89,"528K"
90,"618H"
91,"532P"
92,"375J"
93,"456E"
94,"618M"
95,"297W"
96,"496E"
97,"297U"
98,"571Y"
99,"297S      "
100,"414Y"
101,"410U"
102,"571A"
103,"574C      "
104,"488Z"
105,"455S"
106,"413U"
107,"494N      "
108,"297V"
109,"490U"
110,"492C"
111,"455F      "
112,"413T"
113,"489P"
114,"374U"
115,"529Z"
116,"373T"
117,"572V"
118,"493T"
119,"372V"
120,"490R"
121,"529D"
122,"493H"
123,"373S"
124,"413W"
125,"371K"
126,"370E"
127,"531U"
128,"534B"
129,"411K"
130,"455Y"
131,"529T"
132,"533K"
133,"576Y"
134,"454L"
135,"613D"
136,"495U"
137,"575Q"
138,"491R"
139,"489S"
140,"450R      "
141,"530B"
142,"297T"
143,"573R"
144,"531W      "
145,"496L"
146,"529C"
147,"412Y"
148,"618K"
149,"493L      "
150,"573E"
151,"414G"
152,"573K"
153,"452B"
154,"535K"
155,"573V"
156,"413H"
157,"575D"
158,"572M"
159,"618E"
160,"336L"
161,"446V"
162,"453R"
163,"451S"
164,"494J"
165,"453S"
166,"489G"
167,"490Q"
168,"528U"
169,"374P"
170,"336G"
171,"576J"
172,"451X"
173,"417H"
174,"411N"
175,"414R"
176,"448W"
177,"456A"
178,"491T"
179,"493H      "
180,"414V"
181,"492D"
182,"415W"
183,"494L"
184,"452Y"
185,"491N      "
186,"372G"
187,"454U"
188,"573J"
189,"574N"
190,"489N"
191,"450T"
192,"455F"
193,"576R"
194,"336K"
195,"530J"
196,"336A"
197,"570F"
198,"616C"
199,"413S"
200,"373N"
201,"532U"
202,"533D"
203,"530T"
204,"453L"
205,"490P"
206,"413Q"
207,"451Q"
208,"454M"
209,"457S"
210,"493A"
211,"455H"
212,"333R"
213,"414X"
214,"489J"
215,"489W"
216,"298Y"
217,"451C      "
218,"489Q"
219,"529L"
220,"454R"
221,"449H"
222,"337B      "
223,"496R"
224,"452E"
225,"453W      "
226,"491M"
227,"335T"
228,"412D"
229,"453W"
230,"493J"
231,"618J      "
232,"578Y"
233,"491Z"
234,"617R"
235,"572N"
236,"529X"
237,"618L"
238,"532K"
239,"492E"
240,"495V"
241,"575P"
242,"493B"
243,"296S"
244,"578X"
245,"449F"
246,"531S"
247,"570R"
248,"449G"
249,"570Q"
250,"374E"
251,"454P"
252,"490R      "
253,"572R"
254,"535L"
255,"455E      "
256,"412X"
257,"450D"
258,"576E"
259,"531R"
260,"491J"
261,"489U"
262,"492C      "
263,"455J"
264,"575H"
265,"534G"
266,"488Y"
267,"414W      "
268,"574X"
269,"492P      "
270,"572H"
271,"529P"
272,"338V"
273,"528H"
274,"494C"
275,"490M"
276,"618N"
277,"372Y"
278,"418E"
279,"535M"
280,"495J"
281,"297K"
282,"611A"
283,"531F"
284,"450V"
285,"296V"
286,"371Q"
287,"570C"
288,"448Y"
289,"490C"
290,"571P"
291,"495L"
292,"532Y"
293,"568Q"
294,"457N"
295,"414S"
296,"412T      "
297,"529U"
298,"453Q"
299,"495S"
300,"493Y"
301,"337B"
302,"532D"
303,"413P"
304,"456Z"
305,"576G"
306,"533N"
307,"492N"
308,"375T"
309,"528D"
310,"490E"
311,"571S"
312,"534N"
313,"492P"
314,"453N      "
315,"488S"
316,"535N"
317,"497F"
318,"488G"
319,"528V"
320,"452U"
321,"574L"
322,"488J"
323,"455G"
324,"533Z      "
325,"618S"
326,"450B"
327,"490A"
328,"489R"
329,"577N"
330,"412Q"
331,"413A"
332,"571R"
333,"571J"
334,"336T"
335,"411Q"
336,"491U      "
337,"490S"
338,"413R"
339,"455W"
340,"452P"
341,"493Q"
342,"530Y"
343,"571L"
344,"496C"
345,"533B"
346,"488C"
347,"492V"
348,"452L"
349,"489D"
350,"372P"
351,"493U"
352,"576Z"
353,"572P"
354,"410Z"
355,"573H"
356,"574R"
357,"573S"
358,"338B"
359,"496A"
360,"453Z"
361,"372Q"
362,"451J"
363,"533F      "
364,"530S"
365,"531V"
366,"454G"
367,"374Z"
368,"497J"
369,"489F"
370,"576M"
371,"529V"
372,"531D"
373,"338Q"
374,"451Y      "
375,"337M"
376,"449U"
377,"457T"
378,"411J"
379,"611D"
380,"414Z"
381,"533R      "
382,"571K"
383,"454H"
384,"616D      "
385,"451L"
386,"374X"
387,"454N"
388,"450Q"
389,"570G"
390,"534C"
391,"532W"
392,"454E      "
393,"450P"
394,"450C"
395,"452R"
396,"457P"
397,"491H"
398,"494B"
399,"446W"
400,"451V"
401,"453T"
402,"450H"
403,"454Z"
404,"491P"
405,"497A"
406,"338M"
407,"576A"
408,"571C"
409,"535F      "
410,"572L"
411,"575K"
412,"494S"
413,"413X      "
414,"533T      "
415,"496G"
416,"532C"
417,"372Z"
418,"531X      "
419,"495R"
420,"456F"
421,"530E"
422,"495Z"
423,"488H      "
424,"451X      "
425,"410W"
426,"489M"
427,"297Z"
428,"450Y"
429,"535J"
430,"456S"
431,"534Y"
432,"530H"
433,"494X      "
434,"576U"
435,"532Q"
436,"529A"
437,"492Z"
438,"453M      "
439,"456Y"
440,"494F"
441,"336N"
442,"495Y"
443,"488M"
444,"532X"
445,"575E"
446,"373H"
447,"534U"
448,"571X"
449,"495N"
450,"528S"
451,"492G"
452,"529M"
453,"493S"
454,"338D"
455,"571M"
456,"529F"
457,"533E"
458,"336B"
459,"493W      "
460,"575Y"
461,"575R"
462,"532W      "
463,"492H"
464,"450M"
465,"336C"
466,"530P"
467,"487C"
468,"411E"
469,"454Q"
470,"489Z"
471,"570H"
472,"454A"
473,"574D"
474,"530R      "
475,"456Q"
476,"532C      "
477,"448H"
478,"492M      "
479,"371W"
480,"455Z"
481,"571F"
482,"495E"
483,"373M"
484,"369Q"
485,"412B"
486,"447Q"
487,"370F"
488,"454V"
489,"455Q"
490,"575T"
491,"375U"
492,"453S      "
493,"610F"
494,"571E"
495,"496M"
496,"493M"
497,"451M"
498,"495T"
499,"447Z"
500,"570B"
501,"489Y"
502,"415X"
503,"529N"
504,"488P"
505,"493Z"
506,"617M"
507,"528C"
508,"494X"
509,"488R"
510,"411W"
511,"490T"
512,"571W"
513,"290A"
514,"492Y      "
515,"413X"
516,"453X      "
517,"451C"
518,"494A      "
519,"576Q"
520,"492L      "
521,"618C      "
522,"452Z      "
523,"452H"
524,"571Z"
525,"493S      "
526,"415S"
527,"494N"
528,"616B"
529,"574G"
530,"531N"
531,"448B"
532,"488K"
533,"493Q      "
534,"533U"
535,"455P"
536,"573C"
537,"450R"
538,"416W"
539,"617U"
540,"533J"
541,"336Q"
542,"451K"
543,"529Q"
544,"492W"
545,"611H"
546,"488T"
547,"411P"
548,"296R"
549,"495D"
550,"611B"
551,"611F"
552,"455U"
553,"453K"
554,"618A"
555,"491X"
556,"454S"
557,"571P      "
558,"451Y"
559,"529S"
560,"492A"
561,"572S"
562,"535F"
563,"491G"
564,"494V"
565,"415E"
566,"449D"
567,"617A"
568,"493Z      "
569,"374N"
570,"617Q"
571,"536W"
572,"497B"
573,"449V"
574,"531G"
575,"570E"
576,"530V"
577,"534R"
578,"530W"
579,"297S"
580,"492Y"
581,"573P"
582,"536S"
583,"451G"
584,"455B"
585,"369K"
586,"574U"
587,"374K"
588,"572Y"
589,"456T"
590,"534Q"
591,"494Y"
592,"489V"
593,"528G"
594,"411T"
595,"529J"
596,"617G"
597,"334F"
598,"338Z"
599,"452W"
600,"616A"
601,"412V"
602,"449Z      "
603,"489A"
604,"535H"
605,"450A"
606,"490W"
607,"535D"
608,"575M"
609,"410S"
610,"575B"
611,"487V"
612,"573N"
613,"411Z"
614,"576F"
615,"618T"
616,"451A"
617,"491N"
618,"530Z"
619,"532J"
620,"570V"
621,"412U"
622,"446Z"
623,"492Q"
624,"337D"
625,"531H"
626,"573U"
627,"528B"
628,"531A"
629,"572J"
630,"493A      "
631,"452J      "
632,"491A"
633,"575Z"
634,"530C"
635,"492V      "
636,"486G"
637,"494A"
638,"571G"
639,"574J"
640,"489X"
641,"495K"
642,"372K"
643,"535A"
644,"573M"
645,"535C"
646,"611B      "
647,"453B"
648,"578W"
649,"335W"
650,"495A"
651,"535B"
652,"487Z"
653,"495H"
654,"454J"
655,"375A"
656,"492T"
657,"536N"
658,"571V"
659,"534Z      "
660,"571H"
661,"455X"
662,"532A"
663,"614A"
664,"530P      "
665,"529H"
666,"492M"
667,"533P"
668,"452E      "
669,"610C"
670,"331T"
671,"532F"
672,"414W"
673,"534X      "
674,"533Z"
675,"494G"
676,"530U"
677,"534K"
678,"533R"
679,"494E"
680,"530X      "
681,"534B      "
682,"573L"
683,"452Z"
684,"449T"
685,"497G"
686,"492L"
687,"494W"
688,"296Z"
689,"532T"
690,"257Q"
691,"295Z"
692,"453J      "
693,"452X"
694,"454B"
695,"530M"
696,"491W"
697,"534U      "
698,"368X"
699,"374R"
700,"575S"
701,"371L"
702,"531B"
703,"529B"
704,"453A"
705,"492S"
706,"570L"
707,"295V"
708,"452M"
709,"336M"
710,"491D"
711,"490N"
712,"618J"
713,"535Q"
714,"447Y"
715,"451D"
716,"570D"
717,"573D"
718,"573F"
719,"531Z"
720,"618F"
721,"454W"
722,"574A"
723,"490X"
724,"374M"
725,"535R"
726,"378C"
727,"491Q"
728,"454F"
729,"576T"
730,"490B"
731,"491V"
732,"453N"
733,"576K"
734,"415N"
735,"532R      "
736,"492R      "
737,"571D"
738,"456K"
739,"534P"
740,"496H"
741,"572F"
742,"611G"
743,"495X"
744,"534H"
745,"449Y"
746,"373G"
747,"491C"
748,"534Z"
749,"492B"
750,"449X"
751,"534V"
752,"446U"
753,"338C"
754,"531J"
755,"572Z"
756,"456R"
757,"453H"
758,"529K"
759,"493R"
760,"493U      "
761,"450S"
762,"497E"
763,"452K"
764,"447W"
765,"534W"
766,"412W"
767,"453Y      "
768,"529G"
769,"410Y"
770,"450G"
771,"454P      "
772,"374Q"
773,"447P"
774,"576C"
775,"488Q"
776,"533G"
777,"486D"
778,"415Y"
779,"412H"
780,"652F"
781,"337A"
782,"493J      "
783,"412Z"
784,"493D"
785,"337C"
786,"449E"
787,"377S"
788,"372N"
789,"536T"
790,"416K"
791,"534F"
792,"373R"
793,"488L"
794,"492U"
795,"489C"
796,"490V"
797,"493P"
798,"535U"
799,"534W      "
800,"533X"
801,"453M"
802,"298X"
803,"414Q"
804,"452J"
805,"610G"
806,"497A      "
807,"411U"
808,"618U"
809,"575A"
810,"335S"
811,"534E"
812,"531K"
813,"491U"
814,"489D      "
815,"495M"
816,"535E"
817,"415X      "
818,"449Z"
819,"453P"
820,"415V"
821,"451F"
822,"449W"
823,"447B"
824,"532D      "
825,"529E"
826,"414N"
827,"495C"
828,"489E"
829,"490Y"
830,"415J"
831,"491S"
832,"333B"
833,"535S"
834,"570A"
835,"296Y"
836,"618R"
837,"454E"
838,"375N"
839,"372U"
840,"454S      "
841,"450N"
842,"453C"
843,"532G"
844,"528Y"
845,"376S"
846,"530Q"
847,"297Y"
848,"535S      "
849,"575L"
850,"455N"
851,"531X"
852,"530G"
853,"533M"
854,"536P"
855,"373W"
856,"488A"
857,"454T"
858,"611C"
859,"494Q"
860,"452F"
861,"531Y"
862,"616H"
863,"296U      "
864,"452N"
865,"578T"
866,"455K"
867,"536X"
868,"572X"
869,"493L"
870,"452S"
871,"451B"
872,"569C"
873,"369M"
874,"529R"
875,"455L"
876,"489L"
877,"535X"
878,"529W"
879,"492H      "
880,"536J"
881,"413V"
882,"495P"
883,"496D"
884,"337E"
885,"447S"
886,"494M"
887,"413M"
888,"573Z"
889,"455M"
890,"372F"
891,"532H"
892,"412P"
893,"336F"
894,"409U"
895,"573G"
896,"453Y"
897,"572K"
898,"577Z"
899,"492F"
900,"618G"
901,"528L"
902,"577W"
903,"616D"
904,"413L"
905,"450L"
906,"534F      "
907,"492X"
908,"374D"
909,"451W"
910,"534D      "
911,"411Y"
912,"534L"
913,"528P"
914,"535Y"
915,"455T"
916,"618Q"
917,"451M      "
918,"336E"
919,"535P"
920,"576S"
921,"617L"
922,"452C"
923,"452V"
924,"535Z"
925,"618D"
926,"571N"
927,"574E"
928,"531T"
929,"338R"
930,"576N"
931,"494K"
932,"528R"
933,"530A"
934,"377U"
935,"495G"
936,"618P"
937,"532R"
938,"454K"
939,"452T"
940,"491L"
941,"576L"
942,"488V"
943,"453X"
944,"488W"
945,"532Z"
946,"336D"
947,"492K"
948,"532L"
949,"489B"
950,"448N"
951,"533L"
952,"534J"
953,"574S"
954,"574F"
955,"573B"
956,"453V"
957,"338A"
958,"533A"
959,"338L"
960,"531P      "
961,"449Q"
962,"534A"
963,"494R"
964,"413Z"
965,"374V"
966,"333U"
967,"450E"
968,"411R"
969,"531C"
970,"531Q"
971,"575V"
972,"337G"
973,"453D"
974,"493C"
975,"571T"
976,"298Z"
977,"412S"
978,"535V"
979,"530X"
980,"575C"
981,"496Q"
982,"414F"
983,"530K"
984,"450K"
985,"257U"
986,"530D"
987,"617B"
988,"488D"
989,"574K"
990,"488H"
991,"493G"
992,"456X"
993,"572Q"
994,"530N"
995,"447R"
996,"494T"
997,"411V"
998,"535G"
999,"532S"
1000,"412K"
1001,"533T"
1002,"413Y"
1003,"576H"
1004,"456B"
1005,"576B"
1006,"535T"
1007,"530L"
1008,"494H"
1009,"576W"
1010,"491Y"
1011,"532N"
1012,"332K"
1013,"528Z"
1014,"493W"
1015,"575N"
1016,"493E"
1017,"293X"
1018,"375S"
1019,"489T"
1020,"490J"
1021,"415P"
1022,"617E"
1023,"572U"
1024,"297X"
1025,"449R"
1026,"414T"
1027,"571U"
1028,"571Q"
1029,"533A      "
1030,"488B"
1031,"337F"
1032,"455A"
1033,"375B"
1034,"454D"
1035,"531P"
1036,"618B"
1037,"493V      "
1038,"533B      "
1039,"453J"
1040,"574P"
1041,"452A"
1042,"454Y"
1043,"574Q"
1044,"533Q"
1045,"454C"
1046,"534S"
1047,"410V"
1048,"574Y"
1049,"489H"
1050,"412T"
1051,"528M"
1052,"570M"
1053,"577X"
1054,"571B"
1055,"451Z"
1056,"378D"
1057,"414U"
1058,"576P"
1059,"411X"
1060,"450Z"
1061,"411L"
1062,"453E"
1063,"529Y"
1064,"535W"
1065,"454X"
1066,"451N"
1067,"617V"
1068,"494D"
1069,"496F"
1070,"411Z      "
1071,"533H"
1072,"450F"
1073,"453D      "
1074,"530Y      "
1075,"455E"
1076,"456W"
1077,"453F"
1078,"575U"
1079,"296U"
1080,"530R"
1081,"411S"
1082,"447X"
1083,"492J"
1084,"372S"
1085,"572T"
1086,"412L"
1087,"530K      "
1088,"415Z"
1089,"452V      "
1090,"619J"
1091,"487D"
1092,"449L"
1093,"573W"
1094,"532G      "
1095,"488F"
1096,"453U"
1097,"491B"
1098,"410R"
1099,"530F"
1100,"452D"
1101,"533V"
1102,"493N"
1103,"453G"
1104,"451T"
